{"cameraMode":{"drawMode":0,"name":"Shaded","section":"Shading Mode"},"sceneLighting":true,"audioPlay":false,"sceneViewState":{"m_AlwaysRefresh":false,"showFog":true,"showSkybox":false,"showFlares":true,"showImageEffects":true,"showParticleSystems":true,"showVisualEffectGraphs":true,"m_FxEnabled":true},"in2DMode":false,"pivot":{"x":-0.40068769454956057,"y":1.2850000858306885,"z":33.75168228149414},"rotation":{"x":0.027329204604029657,"y":0.6578214764595032,"z":-0.023894472047686578,"w":0.7523040771484375},"size":0.8660283088684082,"orthographic":false}