{"cameraMode":{"drawMode":0,"name":"Shaded","section":"Shading Mode"},"sceneLighting":true,"audioPlay":false,"sceneViewState":{"m_AlwaysRefresh":false,"showFog":true,"showSkybox":true,"showFlares":true,"showImageEffects":true,"showParticleSystems":true,"showVisualEffectGraphs":true,"m_FxEnabled":true},"in2DMode":false,"pivot":{"x":-1.602717399597168,"y":0.03254431486129761,"z":4.689422607421875},"rotation":{"x":0.08957865089178086,"y":-0.5390719771385193,"z":0.05780010670423508,"w":0.8354937434196472},"size":1.5219905376434327,"orthographic":false}